,Year,Nests_Lost,Total_Nests,Percent_Loss
0,2010,1618,9607,16.84188612
1,2011,830,21900,3.789954338
2,2012,158,7237,2.183225093
3,2013,339,4844,6.998348472
4,2014,459,10572,4.341657208
5,2015,117,7072,1.654411765
6,2016,627,9442,6.640542258
7,2017,426,5559,7.663248786
8,2018,305,3192,9.555137845
